1,856$u
ocn300573856,http://dx.doi.org/10.1002/9781118669167
ocn301314366,http://dx.doi.org/10.1002/9781118664568
ocn440772470,http://dx.doi.org/10.1002/9781118709528
ocn568613354,http://dx.doi.org/10.1002/9781118664902
ocn593463675,http://dx.doi.org/10.1002/9781118669280
ocn608839574,http://dx.doi.org/10.1002/9781118665312
ocn609117088,http://dx.doi.org/10.1002/9781118669266
ocn609179629,http://dx.doi.org/10.1002/9781118663707
ocn609180918,http://dx.doi.org/10.1002/9781118665046
ocn609719865,http://dx.doi.org/10.1002/9781118665299
ocn610188532,http://dx.doi.org/10.1002/9781118665282
ocn610207620,http://dx.doi.org/10.1002/9781118663691
ocn610488542,http://dx.doi.org/10.1002/9781118669440
ocn622886381,http://dx.doi.org/10.1002/9781118664438
ocn622957941,http://dx.doi.org/10.1002/9781118665015
ocn623164150,http://dx.doi.org/10.1002/9781118665275
ocn625312691,http://dx.doi.org/10.1002/9781118664421
ocn644953746,http://dx.doi.org/10.1002/9781118663738
ocn645908375,http://dx.doi.org/10.1002/9781118663776
ocn646815494,http://dx.doi.org/10.1002/9781118664360
ocn646831645,http://dx.doi.org/10.1002/9781118668146
ocn646834931,http://dx.doi.org/10.1002/9781118666357
ocn646839227,http://dx.doi.org/10.1002/9781118668184
ocn646870561,http://dx.doi.org/10.1002/9781118665350
ocn646872726,http://dx.doi.org/10.1002/9781118666050
ocn646874042,http://dx.doi.org/10.1002/9781118666746
ocn646898260,http://dx.doi.org/10.1002/9781118664995
ocn646898396,http://dx.doi.org/10.1002/9781118665770
ocn646906209,http://dx.doi.org/10.1002/9781118669259
ocn646921592,http://dx.doi.org/10.1002/9781118667507
ocn646923029,http://dx.doi.org/10.1002/9781118663905
ocn646924723,http://dx.doi.org/10.1002/9781118663813
ocn646938279,http://dx.doi.org/10.1002/9781118663974
ocn646947867,http://dx.doi.org/10.1002/9781118667941
ocn646956701,http://dx.doi.org/10.1002/9781118668962
ocn646967752,http://dx.doi.org/10.1002/9781118664124
ocn646979871,http://dx.doi.org/10.1002/9781118666227
ocn647001437,http://dx.doi.org/10.1002/9781118664735
ocn647014926,http://dx.doi.org/10.1002/9781118666241
ocn647017510,http://dx.doi.org/10.1002/9781118668092
ocn647020800,http://dx.doi.org/10.1002/9781118670262
ocn647035825,http://dx.doi.org/10.1002/9781118664612
ocn647036902,http://dx.doi.org/10.1002/9781118665084
ocn647046527,http://dx.doi.org/10.1002/9781118664155
ocn647046657,http://dx.doi.org/10.1002/9781118668115
ocn647057831,http://dx.doi.org/10.1002/9781118663592
ocn647057974,http://dx.doi.org/10.1002/9781118665039
ocn647058093,http://dx.doi.org/10.1002/9781118665381
ocn647063445,http://dx.doi.org/10.1002/9781118664162
ocn647065469,http://dx.doi.org/10.1002/9781118665657
ocn647065727,http://dx.doi.org/10.1002/9781118664346
ocn647075199,http://dx.doi.org/10.1002/9781118664377
ocn647077814,http://dx.doi.org/10.1002/9781118666319
ocn647082797,http://dx.doi.org/10.1002/9781118665527
ocn647085283,http://dx.doi.org/10.1002/9781118665237
ocn647092936,http://dx.doi.org/10.1002/9781118663981
ocn647093542,http://dx.doi.org/10.1002/9781118664414
ocn647101204,http://dx.doi.org/10.1002/9781118664667
ocn647105466,http://dx.doi.org/10.1002/9781118670132
ocn647107265,http://dx.doi.org/10.1002/9781118664049
ocn647107329,http://dx.doi.org/10.1002/9781118663899
ocn647108647,http://dx.doi.org/10.1002/9781118664476
ocn647112161,http://dx.doi.org/10.1002/9781118666159
ocn647113034,http://dx.doi.org/10.1002/9781118664063
ocn647115666,http://dx.doi.org/10.1002/9781118666449
ocn647119350,http://dx.doi.org/10.1002/9781118670279
ocn647129401,http://dx.doi.org/10.1002/9781118664599
ocn647135394,http://dx.doi.org/10.1002/9781118663868
ocn647135539,http://dx.doi.org/10.1002/9781118665091
ocn647137414,http://dx.doi.org/10.1002/9781118664339
ocn647148110,http://dx.doi.org/10.1002/9781118664308
ocn647148564,http://dx.doi.org/10.1002/9781118668023
ocn647152485,http://dx.doi.org/10.1002/9781118665220
ocn647152513,http://dx.doi.org/10.1002/9781118663882
ocn647159621,http://dx.doi.org/10.1002/9781118665077
ocn647159967,http://dx.doi.org/10.1002/9781118668504
ocn647169865,http://dx.doi.org/10.1002/9781118666647
ocn647176442,http://dx.doi.org/10.1002/9781118664032
ocn647191416,http://dx.doi.org/10.1002/9781118668238
ocn647207465,http://dx.doi.org/10.1002/9781118666555
ocn647212931,http://dx.doi.org/10.1002/9781118667590
ocn647227142,http://dx.doi.org/10.1002/9781118670415
ocn647235896,http://dx.doi.org/10.1002/9781118664827
ocn647249766,http://dx.doi.org/10.1002/9781118665831
ocn647250398,http://dx.doi.org/10.1002/9781118668009
ocn647254985,http://dx.doi.org/10.1002/9781118668245
ocn647256484,http://dx.doi.org/10.1002/9781118663745
ocn647294017,http://dx.doi.org/10.1002/9781118670439
ocn647314949,http://dx.doi.org/10.1002/9781118664469
ocn647315865,http://dx.doi.org/10.1002/9781118665176
ocn647324406,http://dx.doi.org/10.1002/9781118663929
ocn647359977,http://dx.doi.org/10.1002/9781118667705
ocn647365414,http://dx.doi.org/10.1002/9781118664179
ocn647403406,http://dx.doi.org/10.1002/9781118669310
ocn647413004,http://dx.doi.org/10.1002/9781118664759
ocn647417930,http://dx.doi.org/10.1002/9781118669204
ocn647445806,http://dx.doi.org/10.1002/9781118666739
ocn647453174,http://dx.doi.org/10.1002/9781118664681
ocn647454205,http://dx.doi.org/10.1002/9781118670255
ocn647469901,http://dx.doi.org/10.1002/9781118664056
ocn647493240,http://dx.doi.org/10.1002/9781118664391
ocn647493344,http://dx.doi.org/10.1002/9781118665145
ocn647493644,http://dx.doi.org/10.1002/9781118664803
ocn647494820,http://dx.doi.org/10.1002/9781118669822
ocn647505377,http://dx.doi.org/10.1002/9781118665756
ocn647506181,http://dx.doi.org/10.1002/9781118666289
ocn647507452,http://dx.doi.org/10.1002/9781118668177
ocn647514632,http://dx.doi.org/10.1002/9781118664629
ocn647517585,http://dx.doi.org/10.1002/9781118665183
ocn647520437,http://dx.doi.org/10.1002/9781118669747
ocn647521352,http://dx.doi.org/10.1002/9781118666722
ocn647531902,http://dx.doi.org/10.1002/9781118664957
ocn647533000,http://dx.doi.org/10.1002/9781118668771
ocn647536223,http://dx.doi.org/10.1002/9781118670170
ocn647540004,http://dx.doi.org/10.1002/9781118664384
ocn647545509,http://dx.doi.org/10.1002/9781118666463
ocn647553530,http://dx.doi.org/10.1002/9781118665480
ocn647559944,http://dx.doi.org/10.1002/9781118663998
ocn647571409,http://dx.doi.org/10.1002/9781118669006
ocn647597088,http://dx.doi.org/10.1002/9781118670217
ocn647598177,http://dx.doi.org/10.1002/9781118666401
ocn647601721,http://dx.doi.org/10.1002/9781118670019
ocn647604897,http://dx.doi.org/10.1002/9781118663806
ocn647607952,http://dx.doi.org/10.1002/9781118668313
ocn647609704,http://dx.doi.org/10.1002/9781118666487
ocn647611650,http://dx.doi.org/10.1002/9781118666968
ocn647614684,http://dx.doi.org/10.1002/9781118669181
ocn647618259,http://dx.doi.org/10.1002/9781118666395
ocn647628146,http://dx.doi.org/10.1002/9781118664209
ocn647632436,http://dx.doi.org/10.1002/9781118663950
ocn647646481,http://dx.doi.org/10.1002/9781118666456
ocn647650149,http://dx.doi.org/10.1002/9781118665992
ocn647652932,http://dx.doi.org/10.1002/9781118669075
ocn647686052,http://dx.doi.org/10.1002/9781118664292
ocn648265717,http://dx.doi.org/10.1002/9781118670095
ocn648546116,http://dx.doi.org/10.1002/9781118666203
ocn648565190,http://dx.doi.org/10.1002/9781118665169
ocn648575714,http://dx.doi.org/10.1002/9781118666432
ocn648587251,http://dx.doi.org/10.1002/9781118666524
ocn648592756,http://dx.doi.org/10.1002/9781118665152
ocn648594030,http://dx.doi.org/10.1002/9781118664889
ocn648594030,http://dx.doi.org/10.1002/9781118664896
ocn648641784,http://dx.doi.org/10.1002/9781118667484
ocn652485152,http://dx.doi.org/10.1002/9781118668955
ocn652536471,http://dx.doi.org/10.1002/9781118668825
ocn654726188,http://dx.doi.org/10.1002/9781118668832
ocn654890699,http://dx.doi.org/10.1002/9781118669808
ocn655629959,http://dx.doi.org/10.1002/9781118669402
ocn657964077,http://dx.doi.org/10.1002/9781118663912
ocn671655079,http://dx.doi.org/10.1002/9781118668047
ocn679318469,http://dx.doi.org/10.1002/9781118664711
ocn679323366,http://dx.doi.org/10.1002/9781118664780
ocn679375909,http://dx.doi.org/10.1002/9781118664070
ocn679377054,http://dx.doi.org/10.1002/9781118666562
ocn679378211,http://dx.doi.org/10.1002/9781118666531
ocn679522729,http://dx.doi.org/10.1002/9781118666036
ocn680072171,http://dx.doi.org/10.1002/9781118667996
ocn680078381,http://dx.doi.org/10.1002/9781118667675
ocn680211509,http://dx.doi.org/10.1002/9781118665626
ocn680273180,http://dx.doi.org/10.1002/9781118669389
ocn680297240,http://dx.doi.org/10.1002/9781118667934
ocn680421314,http://dx.doi.org/10.1002/9781118667774
ocn680424097,http://dx.doi.org/10.1002/9781118665305
ocn680451120,http://dx.doi.org/10.1002/9781118666135
ocn680501642,http://dx.doi.org/10.1002/9781118670088
ocn680525892,http://dx.doi.org/10.1002/9781118668078
ocn680545961,http://dx.doi.org/10.1002/9781118666692
ocn680549088,http://dx.doi.org/10.1002/9781118664872
ocn680570808,http://dx.doi.org/10.1002/9781118666548
ocn680595741,http://dx.doi.org/10.1002/9781118669129
ocn680599323,http://dx.doi.org/10.1002/9781118663851
ocn680633327,http://dx.doi.org/10.1002/9781118668658
ocn680644124,http://dx.doi.org/10.1002/9781118668986
ocn680989770,http://dx.doi.org/10.1002/9781118666975
ocn680991432,http://dx.doi.org/10.1002/9781118669723
ocn680997152,http://dx.doi.org/10.1002/9781118669761
ocn681037396,http://dx.doi.org/10.1002/9781118670248
ocn681040992,http://dx.doi.org/10.1002/9781118668030
ocn681083320,http://dx.doi.org/10.1002/9781118664858
ocn681188486,http://dx.doi.org/10.1002/9781118668276
ocn681190164,http://dx.doi.org/10.1002/9781118668559
ocn681274416,http://dx.doi.org/10.1002/9781118665602
ocn681275083,http://dx.doi.org/10.1002/9781118664261
ocn681290665,http://dx.doi.org/10.1002/9781118666517
ocn681294441,http://dx.doi.org/10.1002/9781118665107
ocn681294453,http://dx.doi.org/10.1002/9781118663875
ocn681436840,http://dx.doi.org/10.1002/9781118663844
ocn681468762,http://dx.doi.org/10.1002/9781118665954
ocn681479440,http://dx.doi.org/10.1002/9781118664650
ocn681480616,http://dx.doi.org/10.1002/9781118664407
ocn681508022,http://dx.doi.org/10.1002/9781118668085
ocn681528302,http://dx.doi.org/10.1002/9781118666500
ocn681550420,http://dx.doi.org/10.1002/9781118670163
ocn681568704,http://dx.doi.org/10.1002/9781118664773
ocn681604642,http://dx.doi.org/10.1002/9781118668801
ocn681622294,http://dx.doi.org/10.1002/9781118668450
ocn681747207,http://dx.doi.org/10.1002/9781118664322
ocn681773012,http://dx.doi.org/10.1002/9781118665022
ocn681899040,http://dx.doi.org/10.1002/9781118665909
ocn681916341,http://dx.doi.org/10.1002/9781118666272
ocn681958160,http://dx.doi.org/10.1002/9781118665336
ocn682030121,http://dx.doi.org/10.1002/9781118669273
ocn682033804,http://dx.doi.org/10.1002/9781118666586
ocn682071546,http://dx.doi.org/10.1002/9781118663660
ocn682087722,http://dx.doi.org/10.1002/9781118670316
ocn682114418,http://dx.doi.org/10.1002/9781118665541
ocn682148207,http://dx.doi.org/10.1002/9781118666180
ocn682160768,http://dx.doi.org/10.1002/9781118663820
ocn682161152,http://dx.doi.org/10.1002/9781118668573
ocn682161613,http://dx.doi.org/10.1002/9781118665589
ocn682213716,http://dx.doi.org/10.1002/9781118664223
ocn682214988,http://dx.doi.org/10.1002/9781118664216
ocn682220264,http://dx.doi.org/10.1002/9781118665503
ocn692231404,http://dx.doi.org/10.1002/9781118664971
ocn693321558,http://dx.doi.org/10.1002/9781118670309
ocn693470845,http://dx.doi.org/10.1002/9781118669778
ocn694474165,http://dx.doi.org/10.1002/9781118666593
ocn694474169,http://dx.doi.org/10.1002/9781118664247
ocn694474172,http://dx.doi.org/10.1002/9781118667354
ocn694474173,http://dx.doi.org/10.1002/9781118666654
ocn727631666,http://dx.doi.org/10.1002/9781118663837
ocn747314353,http://dx.doi.org/10.1002/9781118664964
ocn754581672,http://dx.doi.org/10.1002/9781118667040
ocn754583355,http://dx.doi.org/10.1002/9781118666876
ocn754599521,http://dx.doi.org/10.1002/9781118666869
ocn754684442,http://dx.doi.org/10.1002/9781118668917
ocn758679195,http://dx.doi.org/10.1002/9781118666814
ocn759093007,http://dx.doi.org/10.1002/9781118667262
ocn761141835,http://dx.doi.org/10.1002/9781118664674
ocn762251538,http://dx.doi.org/10.1002/9781118666944
ocn763144810,http://dx.doi.org/10.1002/9781118667071
ocn763145576,http://dx.doi.org/10.1002/9781118667729
ocn767538559,http://dx.doi.org/10.1002/9781118665121
ocn767538633,http://dx.doi.org/10.1002/9781118664766
ocn767539486,http://dx.doi.org/10.1002/9781118670323
ocn767539548,http://dx.doi.org/10.1002/9781118665053
ocn767689951,http://dx.doi.org/10.1002/9781118669914
ocn767689993,http://dx.doi.org/10.1002/9781118669907
ocn767690007,http://dx.doi.org/10.1002/9781118664940
ocn767690010,http://dx.doi.org/10.1002/9781118670361
ocn767690095,http://dx.doi.org/10.1002/9781118670118
ocn767690120,http://dx.doi.org/10.1002/9781118664193
ocn767690132,http://dx.doi.org/10.1002/9781118664315
ocn767690254,http://dx.doi.org/10.1002/9781118667712
ocn767690264,http://dx.doi.org/10.1002/9781118664285
ocn767690596,http://dx.doi.org/10.1002/9781118669884
ocn767690989,http://dx.doi.org/10.1002/9781118670224
ocn767787397,http://dx.doi.org/10.1002/9781118664797
ocn767787445,http://dx.doi.org/10.1002/9781118669860
ocn767788207,http://dx.doi.org/10.1002/9781118667873
ocn767789180,http://dx.doi.org/10.1002/9781118665749
ocn768058992,http://dx.doi.org/10.1002/9781118667309
ocn772503511,http://dx.doi.org/10.1002/9781118670347
ocn772503537,http://dx.doi.org/10.1002/9781118666470
ocn772504535,http://dx.doi.org/10.1002/9781118664087
ocn772504546,http://dx.doi.org/10.1002/9781118666494
ocn772504560,http://dx.doi.org/10.1002/9781118670392
ocn772504575,http://dx.doi.org/10.1002/9781118666142
ocn772504578,http://dx.doi.org/10.1002/9781118665060
ocn772504583,http://dx.doi.org/10.1002/9781118667927
ocn772504605,http://dx.doi.org/10.1002/9781118666616
ocn772504626,http://dx.doi.org/10.1002/9781118663769
ocn772504633,http://dx.doi.org/10.1002/9781118668139
ocn772504668,http://dx.doi.org/10.1002/9781118668283
ocn772504698,http://dx.doi.org/10.1002/9781118667736
ocn772504710,http://dx.doi.org/10.1002/9781118665725
ocn772504711,http://dx.doi.org/10.1002/9781118665558
ocn772504723,http://dx.doi.org/10.1002/9781118665213
ocn772504724,http://dx.doi.org/10.1002/9781118665244
ocn772504726,http://dx.doi.org/10.1002/9781118665534
ocn772504801,http://dx.doi.org/10.1002/9781118668191
ocn772504815,http://dx.doi.org/10.1002/9781118665572
ocn772504831,http://dx.doi.org/10.1002/9781118665206
ocn772504889,http://dx.doi.org/10.1002/9781118670231
ocn772504890,http://dx.doi.org/10.1002/9781118667569
ocn772504905,http://dx.doi.org/10.1002/9781118666111
ocn772504908,http://dx.doi.org/10.1002/9781118668108
ocn772504913,http://dx.doi.org/10.1002/9781118665688
ocn772504924,http://dx.doi.org/10.1002/9781118669655
ocn772504926,http://dx.doi.org/10.1002/9781118669853
ocn772504927,http://dx.doi.org/10.1002/9781118667828
ocn772504928,http://dx.doi.org/10.1002/9781118667835
ocn772504929,http://dx.doi.org/10.1002/9781118668856
ocn772504931,http://dx.doi.org/10.1002/9781118669020
ocn772504932,http://dx.doi.org/10.1002/9781118669068
ocn772504933,http://dx.doi.org/10.1002/9781118667811
ocn772504953,http://dx.doi.org/10.1002/9781118664810
ocn772504979,http://dx.doi.org/10.1002/9781118669594
ocn772505495,http://dx.doi.org/10.1002/9781118664834
ocn772505562,http://dx.doi.org/10.1002/9781118670040
ocn772505569,http://dx.doi.org/10.1002/9781118666753
ocn772505570,http://dx.doi.org/10.1002/9781118667651
ocn772505571,http://dx.doi.org/10.1002/9781118667637
ocn772505574,http://dx.doi.org/10.1002/9781118666678
ocn772505575,http://dx.doi.org/10.1002/9781118667668
ocn777354049,http://dx.doi.org/10.1002/9781118663684
ocn789664597,http://dx.doi.org/10.1002/9781118666630
ocn789664716,http://dx.doi.org/10.1002/9781118670354
ocn798834814,http://dx.doi.org/10.1002/9781118665367
ocn798834816,http://dx.doi.org/10.1002/9781118664841
ocn798834818,http://dx.doi.org/10.1002/9781118665473
ocn798834819,http://dx.doi.org/10.1002/9781118664254
ocn798834821,http://dx.doi.org/10.1002/9781118666302
ocn798834822,http://dx.doi.org/10.1002/9781118666388
ocn798834824,http://dx.doi.org/10.1002/9781118667606
ocn798834826,http://dx.doi.org/10.1002/9781118664728
ocn798834827,http://dx.doi.org/10.1002/9781118665008
ocn798834829,http://dx.doi.org/10.1002/9781118667217
ocn798834830,http://dx.doi.org/10.1002/9781118669648
ocn798834831,http://dx.doi.org/10.1002/9781118667330
ocn798834832,http://dx.doi.org/10.1002/9781118667095
ocn798834833,http://dx.doi.org/10.1002/9781118669785
ocn798834835,http://dx.doi.org/10.1002/9781118669495
ocn798834837,http://dx.doi.org/10.1002/9781118668924
ocn798834839,http://dx.doi.org/10.1002/9781118667538
ocn798834840,http://dx.doi.org/10.1002/9781118668511
ocn798834843,http://dx.doi.org/10.1002/9781118666807
ocn798834844,http://dx.doi.org/10.1002/9781118667286
ocn798834846,http://dx.doi.org/10.1002/9781118667897
ocn798834849,http://dx.doi.org/10.1002/9781118668252
ocn798834852,http://dx.doi.org/10.1002/9781118664742
ocn798834853,http://dx.doi.org/10.1002/9781118668481
ocn798834854,http://dx.doi.org/10.1002/9781118664513
ocn798834856,http://dx.doi.org/10.1002/9781118668221
ocn798834857,http://dx.doi.org/10.1002/9781118668474
ocn798834860,http://dx.doi.org/10.1002/9781118668535
ocn798834863,http://dx.doi.org/10.1002/9781118668399
ocn798834864,http://dx.doi.org/10.1002/9781118664100
ocn798834868,http://dx.doi.org/10.1002/9781118666197
ocn798834870,http://dx.doi.org/10.1002/9781118668634
ocn798834871,http://dx.doi.org/10.1002/9781118668436
ocn798834872,http://dx.doi.org/10.1002/9781118670101
ocn798834877,http://dx.doi.org/10.1002/9781118670446
ocn798834881,http://dx.doi.org/10.1002/9781118665138
ocn798834883,http://dx.doi.org/10.1002/9781118670071
ocn798834885,http://dx.doi.org/10.1002/9781118669037
ocn798834887,http://dx.doi.org/10.1002/9781118665633
ocn798834890,http://dx.doi.org/10.1002/9781118665947
ocn798834895,http://dx.doi.org/10.1002/9781118666326
ocn798834896,http://dx.doi.org/10.1002/9781118665442
ocn798834899,http://dx.doi.org/10.1002/9781118666128
ocn798834902,http://dx.doi.org/10.1002/9781118666371
ocn798835716,http://dx.doi.org/10.1002/9781118664636
ocn798835717,http://dx.doi.org/10.1002/9781118664919
ocn798835718,http://dx.doi.org/10.1002/9781118664643
ocn798835719,http://dx.doi.org/10.1002/9781118665459
ocn798835721,http://dx.doi.org/10.1002/9781118665596
ocn798835723,http://dx.doi.org/10.1002/9781118664865
ocn798835724,http://dx.doi.org/10.1002/9781118663646
ocn798835725,http://dx.doi.org/10.1002/9781118664483
ocn798835727,http://dx.doi.org/10.1002/9781118664186
ocn798835728,http://dx.doi.org/10.1002/9781118667057
ocn798835729,http://dx.doi.org/10.1002/9781118667545
ocn798835731,http://dx.doi.org/10.1002/9781118668290
ocn798835733,http://dx.doi.org/10.1002/9781118666821
ocn798835734,http://dx.doi.org/10.1002/9781118667255
ocn798835735,http://dx.doi.org/10.1002/9781118667644
ocn798835736,http://dx.doi.org/10.1002/9781118667224
ocn798835737,http://dx.doi.org/10.1002/9781118667361
ocn798835738,http://dx.doi.org/10.1002/9781118667583
ocn798835740,http://dx.doi.org/10.1002/9781118668153
ocn798835743,http://dx.doi.org/10.1002/9781118669969
ocn798835744,http://dx.doi.org/10.1002/9781118666715
ocn798835746,http://dx.doi.org/10.1002/9781118670200
ocn798835748,http://dx.doi.org/10.1002/9781118666777
ocn798835750,http://dx.doi.org/10.1002/9781118667170
ocn798835753,http://dx.doi.org/10.1002/9781118667699
ocn798835755,http://dx.doi.org/10.1002/9781118664698
ocn798835756,http://dx.doi.org/10.1002/9781118664452
ocn798835759,http://dx.doi.org/10.1002/9781118668368
ocn798835760,http://dx.doi.org/10.1002/9781118668375
ocn798835761,http://dx.doi.org/10.1002/9781118668320
ocn798835763,http://dx.doi.org/10.1002/9781118665190
ocn798835767,http://dx.doi.org/10.1002/9781118665848
ocn798835768,http://dx.doi.org/10.1002/9781118668351
ocn798835772,http://dx.doi.org/10.1002/9781118665497
ocn798835776,http://dx.doi.org/10.1002/9781118665671
ocn798835778,http://dx.doi.org/10.1002/9781118665732
ocn798835783,http://dx.doi.org/10.1002/9781118668542
ocn798835786,http://dx.doi.org/10.1002/9781118665879
ocn798835790,http://dx.doi.org/10.1002/9781118665855
ocn798835792,http://dx.doi.org/10.1002/9781118666067
ocn798835793,http://dx.doi.org/10.1002/9781118666012
ocn798835798,http://dx.doi.org/10.1002/9781118666333
ocn798835800,http://dx.doi.org/10.1002/9781118667552
ocn798835801,http://dx.doi.org/10.1002/9781118666425
ocn798835807,http://dx.doi.org/10.1002/9781118667620
ocn798835808,http://dx.doi.org/10.1002/9781118666364
ocn798836793,http://dx.doi.org/10.1002/9781118664117
ocn798836794,http://dx.doi.org/10.1002/9781118663578
ocn798836801,http://dx.doi.org/10.1002/9781118665251
ocn798836804,http://dx.doi.org/10.1002/9781118664988
ocn798836836,http://dx.doi.org/10.1002/9781118666609
ocn798836851,http://dx.doi.org/10.1002/9781118667118
ocn798836856,http://dx.doi.org/10.1002/9781118667521
ocn798836860,http://dx.doi.org/10.1002/9781118667019
ocn798836864,http://dx.doi.org/10.1002/9781118666937
ocn798836867,http://dx.doi.org/10.1002/9781118669730
ocn798836870,http://dx.doi.org/10.1002/9781118669693
ocn798836877,http://dx.doi.org/10.1002/9781118665435
ocn798836886,http://dx.doi.org/10.1002/9781118664490
ocn798836891,http://dx.doi.org/10.1002/9781118665800
ocn798836895,http://dx.doi.org/10.1002/9781118669662
ocn798836908,http://dx.doi.org/10.1002/9781118668603
ocn798836916,http://dx.doi.org/10.1002/9781118668689
ocn798836919,http://dx.doi.org/10.1002/9781118669570
ocn798836921,http://dx.doi.org/10.1002/9781118668566
ocn798836922,http://dx.doi.org/10.1002/9781118668597
ocn798836923,http://dx.doi.org/10.1002/9781118665343
ocn798836936,http://dx.doi.org/10.1002/9781118665640
ocn798836939,http://dx.doi.org/10.1002/9781118665794
ocn798836942,http://dx.doi.org/10.1002/9781118665664
ocn798836950,http://dx.doi.org/10.1002/9781118665114
ocn798836953,http://dx.doi.org/10.1002/9781118666210
ocn798836958,http://dx.doi.org/10.1002/9781118666098
ocn798836961,http://dx.doi.org/10.1002/9781118666104
ocn798836962,http://dx.doi.org/10.1002/9781118666296
ocn798836971,http://dx.doi.org/10.1002/9781118666265
ocn799895042,http://dx.doi.org/10.1002/9781118668528
ocn799895044,http://dx.doi.org/10.1002/9781118669143
ocn799895049,http://dx.doi.org/10.1002/9781118668696
ocn799895050,http://dx.doi.org/10.1002/9781118664537
ocn799895051,http://dx.doi.org/10.1002/9781118664018
ocn799895056,http://dx.doi.org/10.1002/9781118668870
ocn799895057,http://dx.doi.org/10.1002/9781118664551
ocn799895060,http://dx.doi.org/10.1002/9781118665398
ocn799895061,http://dx.doi.org/10.1002/9781118668757
ocn799895063,http://dx.doi.org/10.1002/9781118666906
ocn799895064,http://dx.doi.org/10.1002/9781118667231
ocn799895065,http://dx.doi.org/10.1002/9781118667576
ocn799895066,http://dx.doi.org/10.1002/9781118667408
ocn799895067,http://dx.doi.org/10.1002/9781118668214
ocn799895068,http://dx.doi.org/10.1002/9781118666883
ocn799895073,http://dx.doi.org/10.1002/9781118667156
ocn799895074,http://dx.doi.org/10.1002/9781118669334
ocn799895076,http://dx.doi.org/10.1002/9781118669938
ocn799895077,http://dx.doi.org/10.1002/9781118667347
ocn799895078,http://dx.doi.org/10.1002/9781118667439
ocn799895079,http://dx.doi.org/10.1002/9781118668764
ocn799895080,http://dx.doi.org/10.1002/9781118667316
ocn799895081,http://dx.doi.org/10.1002/9781118667101
ocn799895082,http://dx.doi.org/10.1002/9781118670293
ocn799895083,http://dx.doi.org/10.1002/9781118667125
ocn799895084,http://dx.doi.org/10.1002/9781118669624
ocn799895088,http://dx.doi.org/10.1002/9781118668733
ocn799895089,http://dx.doi.org/10.1002/9781118669990
ocn799895090,http://dx.doi.org/10.1002/9781118666951
ocn799895091,http://dx.doi.org/10.1002/9781118666623
ocn799895092,http://dx.doi.org/10.1002/9781118669754
ocn799895094,http://dx.doi.org/10.1002/9781118670057
ocn799895095,http://dx.doi.org/10.1002/9781118666920
ocn799895096,http://dx.doi.org/10.1002/9781118669846
ocn799895097,http://dx.doi.org/10.1002/9781118670149
ocn799895098,http://dx.doi.org/10.1002/9781118667194
ocn799895100,http://dx.doi.org/10.1002/9781118667415
ocn799895101,http://dx.doi.org/10.1002/9781118667460
ocn799895102,http://dx.doi.org/10.1002/9781118668306
ocn799895104,http://dx.doi.org/10.1002/9781118667422
ocn799895106,http://dx.doi.org/10.1002/9781118667378
ocn799895108,http://dx.doi.org/10.1002/9781118667163
ocn799895112,http://dx.doi.org/10.1002/9781118670194
ocn799895115,http://dx.doi.org/10.1002/9781118667392
ocn799895116,http://dx.doi.org/10.1002/9781118668122
ocn799897337,http://dx.doi.org/10.1002/9781118668979
ocn799897339,http://dx.doi.org/10.1002/9781118664445
ocn799897340,http://dx.doi.org/10.1002/9781118668863
ocn799897345,http://dx.doi.org/10.1002/9781118669587
ocn799897346,http://dx.doi.org/10.1002/9781118669136
ocn799897349,http://dx.doi.org/10.1002/9781118668948
ocn799897352,http://dx.doi.org/10.1002/9781118664704
ocn799897355,http://dx.doi.org/10.1002/9781118666708
ocn799897358,http://dx.doi.org/10.1002/9781118669600
ocn799897359,http://dx.doi.org/10.1002/9781118667491
ocn799897361,http://dx.doi.org/10.1002/9781118668269
ocn799897363,http://dx.doi.org/10.1002/9781118668337
ocn799897369,http://dx.doi.org/10.1002/9781118668818
ocn799897371,http://dx.doi.org/10.1002/9781118668795
ocn799897373,http://dx.doi.org/10.1002/9781118666845
ocn799897376,http://dx.doi.org/10.1002/9781118668702
ocn799897378,http://dx.doi.org/10.1002/9781118666913
ocn799897380,http://dx.doi.org/10.1002/9781118666999
ocn799897381,http://dx.doi.org/10.1002/9781118669433
ocn799897384,http://dx.doi.org/10.1002/9781118666982
ocn799897387,http://dx.doi.org/10.1002/9781118669877
ocn799897389,http://dx.doi.org/10.1002/9781118667187
ocn799897390,http://dx.doi.org/10.1002/9781118670156
ocn799897391,http://dx.doi.org/10.1002/9781118666890
ocn799897394,http://dx.doi.org/10.1002/9781118667514
ocn799897395,http://dx.doi.org/10.1002/9781118669891
ocn799897396,http://dx.doi.org/10.1002/9781118669617
ocn799897397,http://dx.doi.org/10.1002/9781118669358
ocn799897399,http://dx.doi.org/10.1002/9781118669839
ocn799897400,http://dx.doi.org/10.1002/9781118666838
ocn799897402,http://dx.doi.org/10.1002/9781118669921
ocn799897405,http://dx.doi.org/10.1002/9781118667026
ocn799897407,http://dx.doi.org/10.1002/9781118666760
ocn799897409,http://dx.doi.org/10.1002/9781118667293
ocn799897410,http://dx.doi.org/10.1002/9781118667033
ocn799897412,http://dx.doi.org/10.1002/9781118666852
ocn799897414,http://dx.doi.org/10.1002/9781118669525
ocn799897415,http://dx.doi.org/10.1002/9781118667248
ocn799897416,http://dx.doi.org/10.1002/9781118667750
ocn799897417,http://dx.doi.org/10.1002/9781118667446
ocn799897419,http://dx.doi.org/10.1002/9781118667798
ocn799897420,http://dx.doi.org/10.1002/9781118667972
ocn799897421,http://dx.doi.org/10.1002/9781118668207
ocn799897422,http://dx.doi.org/10.1002/9781118668665
ocn799900446,http://dx.doi.org/10.1002/9781118668719
ocn799900550,http://dx.doi.org/10.1002/9781118708941
ocn799900684,http://dx.doi.org/10.1002/9781118668788
ocn799900686,http://dx.doi.org/10.1002/9781118668641
ocn799900694,http://dx.doi.org/10.1002/9781118666074
ocn799900704,http://dx.doi.org/10.1002/9781118667002
ocn799900707,http://dx.doi.org/10.1002/9781118666791
ocn799900709,http://dx.doi.org/10.1002/9781118666784
ocn799900725,http://dx.doi.org/10.1002/9781118669211
ocn799900729,http://dx.doi.org/10.1002/9781118667149
ocn799900743,http://dx.doi.org/10.1002/9781118668740
ocn799900746,http://dx.doi.org/10.1002/9781118667385
ocn799900750,http://dx.doi.org/10.1002/9781118669815
ocn799900759,http://dx.doi.org/10.1002/9781118667200
ocn799900766,http://dx.doi.org/10.1002/9781118667804
ocn799900787,http://dx.doi.org/10.1002/9781118669679
ocn799900795,http://dx.doi.org/10.1002/9781118667453
ocn799900796,http://dx.doi.org/10.1002/9781118668894
ocn799900800,http://dx.doi.org/10.1002/9781118670002
ocn799900811,http://dx.doi.org/10.1002/9781118667910
ocn799900812,http://dx.doi.org/10.1002/9781118668931
ocn800109746,http://dx.doi.org/10.1002/9781118668849
ocn800111746,http://dx.doi.org/10.1002/9781118663790
ocn800124126,http://dx.doi.org/10.1002/9781118669051
ocn800414059,http://dx.doi.org/10.1002/9781118669013
ocn800414760,http://dx.doi.org/10.1002/9781118663615
ocn800414851,http://dx.doi.org/10.1002/9781118663783
ocn800414884,http://dx.doi.org/10.1002/9781118663936
ocn800414925,http://dx.doi.org/10.1002/9781118669099
ocn800414990,http://dx.doi.org/10.1002/9781118669228
ocn800415110,http://dx.doi.org/10.1002/9781118667682
ocn800417052,http://dx.doi.org/10.1002/9781118665985
ocn800417193,http://dx.doi.org/10.1002/9781118670378
ocn800418027,http://dx.doi.org/10.1002/9781118666234
ocn806209339,http://dx.doi.org/10.1002/9781118663561
ocn809920729,http://dx.doi.org/10.1002/9781118668016
ocn810454448,http://dx.doi.org/10.1002/9781118664605
ocn811851542,http://dx.doi.org/10.1002/9781118669419
ocn811851592,http://dx.doi.org/10.1002/9781118669341
ocn811851951,http://dx.doi.org/10.1002/9781118669686
ocn811851990,http://dx.doi.org/10.1002/9781118669549
ocn811852029,http://dx.doi.org/10.1002/9781118669709
ocn811852065,http://dx.doi.org/10.1002/9781118669457
ocn811852562,http://dx.doi.org/10.1002/9781118669563
ocn811852843,http://dx.doi.org/10.1002/9781118669297
ocn811852955,http://dx.doi.org/10.1002/9781118669150
ocn811853124,http://dx.doi.org/10.1002/9781118669365
ocn811853182,http://dx.doi.org/10.1002/9781118669235
ocn811853488,http://dx.doi.org/10.1002/9781118669518
ocn811853657,http://dx.doi.org/10.1002/9781118669716
ocn811853710,http://dx.doi.org/10.1002/9781118669082
ocn811853751,http://dx.doi.org/10.1002/9781118669198
ocn811853943,http://dx.doi.org/10.1002/9781118669174
ocn811854463,http://dx.doi.org/10.1002/9781118669112
ocn811855117,http://dx.doi.org/10.1002/9781118669631
ocn823248984,http://dx.doi.org/10.1002/9781118704752
ocn826786676,http://dx.doi.org/10.1002/9781118668900
ocn827789364,http://dx.doi.org/10.1002/9781118664353
ocn827789387,http://dx.doi.org/10.1002/9781118667965
ocn827789399,http://dx.doi.org/10.1002/9781118666579
ocn827789402,http://dx.doi.org/10.1002/9781118667842
ocn827789403,http://dx.doi.org/10.1002/9781118667743
ocn827789413,http://dx.doi.org/10.1002/9781118667903
ocn827789442,http://dx.doi.org/10.1002/9781118668498
ocn827789506,http://dx.doi.org/10.1002/9781118667767
ocn827789507,http://dx.doi.org/10.1002/9781118667859
ocn830604232,http://dx.doi.org/10.1002/9781118667279
ocn830768036,http://dx.doi.org/10.1002/9781118668993
ocn841371232,http://dx.doi.org/10.1002/9781118664582
ocn842846185,http://dx.doi.org/10.1002/9781118667781
ocn842898389,http://dx.doi.org/10.1002/9781118668061
ocn842919744,http://dx.doi.org/10.1002/9781118670330
ocn842919790,http://dx.doi.org/10.1002/9781118666340
ocn842919890,http://dx.doi.org/10.1002/9781118669044
ocn842929822,http://dx.doi.org/10.1002/9781118666661
ocn842929944,http://dx.doi.org/10.1002/9781118704325
ocn842940325,http://dx.doi.org/10.1002/9781118669105
ocn842963722,http://dx.doi.org/10.1002/9781118664094
ocn843880765,http://dx.doi.org/10.1002/9781118670286
ocn843880801,http://dx.doi.org/10.1002/9781118670187
